time,Yaw,Vel,Ideal Vel L,Ideal Vel R,Vel L,Vel R,Cur X,Cur Y,Ideal x,Ideal y,Next Pos x,Next Pos y,L,dX,Theta,Curvature,velDif,Closest idx,left pos,right pos
0.168,89.990000,0.250000,0.222951,0.277049,0.000000,0.000000,1.999667,0.000000,2.000000,0.000120,1.902451,0.815736,0.821509,0.097359,1.689413,0.288523,0.027049,0,0,0
0.216,89.990000,0.250000,0.222951,0.277049,0.000000,0.000000,1.999667,0.000000,2.000000,0.000120,1.902451,0.815736,0.821509,0.097359,1.689413,0.288523,0.027049,0,0,0
0.268,89.990000,0.250000,0.222951,0.277049,0.000000,0.000000,1.999667,0.000000,2.000000,0.000120,1.902451,0.815736,0.821509,0.097359,1.689413,0.288523,0.027049,0,0,0
0.306,90.110000,0.250000,0.222152,0.277848,0.000000,0.000000,1.998838,0.000829,2.000000,0.000600,1.891140,0.839103,0.845164,0.106088,1.698572,0.297041,0.027848,1,0,3
0.358,90.480000,0.250000,0.220401,0.279599,0.000000,0.112704,1.998838,0.003315,2.000000,0.003597,1.866261,0.883930,0.890539,0.125195,1.720225,0.315727,0.029599,3,0,10
0.41200000000000003,91.110000,0.250000,0.220777,0.279223,0.000000,0.182315,1.998838,0.008287,2.000000,0.006595,1.852650,0.905451,0.908996,0.128781,1.732322,0.311715,0.029223,4,0,22
0.463,91.970000,0.292808,0.257782,0.327834,0.000000,0.238667,1.998838,0.014088,1.999999,0.016760,1.822969,0.946847,0.949194,0.143700,1.757156,0.318991,0.035026,6,0,35
0.514,92.910000,0.292808,0.261087,0.324529,0.000000,0.253584,1.998838,0.019889,1.999999,0.016760,1.822969,0.946847,0.943494,0.128583,1.758295,0.288892,0.031721,6,0,50
0.5670000000000001,93.790000,0.381809,0.341811,0.421807,0.000000,0.273473,1.998010,0.026519,1.999999,0.024397,1.806851,0.966769,0.959485,0.128590,1.771368,0.279358,0.039998,7,0,66
0.619,94.950000,0.482415,0.434514,0.530316,0.000000,0.361316,1.998010,0.035634,1.999996,0.034045,1.789851,0.986197,0.973087,0.125362,1.786378,0.264783,0.047901,8,2,86
0.658,96.030000,0.591576,0.535818,0.647333,0.072926,0.395293,1.996352,0.044750,1.999990,0.045876,1.771982,1.005146,0.986256,0.122240,1.800303,0.251342,0.055758,9,6,104
0.709,97.400000,0.702980,0.640431,0.765529,0.228723,0.651363,1.994695,0.064639,1.999978,0.059936,1.753170,1.023557,0.988867,0.116009,1.817536,0.237271,0.062549,10,18,139
0.767,99.420000,0.922352,0.842722,1.001981,0.380376,0.849423,1.989723,0.096130,1.999912,0.094654,1.712830,1.059049,1.001939,0.115558,1.850797,0.230221,0.079629,12,40,195
0.8140000000000001,100.830000,1.030020,0.945577,1.114462,0.474848,0.938924,1.984750,0.121820,1.999844,0.115254,1.691259,1.076105,0.998397,0.108958,1.869166,0.218616,0.084442,13,61,237
0.872,102.760000,1.237917,1.131407,1.344427,0.687826,1.146100,1.974806,0.169056,1.999546,0.162718,1.645328,1.108841,0.995867,0.113773,1.907996,0.229439,0.106510,15,102,311
0.937,105.010000,1.428369,1.298642,1.558096,0.870970,1.422888,1.959889,0.230380,1.998856,0.218053,1.595760,1.139736,0.979550,0.116193,1.951669,0.242191,0.129727,17,160,406
0.98,107.100000,1.566582,1.411521,1.721642,1.098864,1.574541,1.941658,0.290047,1.997509,0.279455,1.542725,1.168789,0.965057,0.122912,1.996957,0.263947,0.155060,19,219,498
1.0210000000000001,108.510000,1.642422,1.448043,1.836801,1.228971,1.609347,1.925084,0.343084,1.995110,0.344484,1.486454,1.196018,0.959110,0.145158,2.045787,0.315597,0.194379,21,276,575
1.083,110.120000,1.658699,1.394191,1.923207,1.555481,1.764315,1.894421,0.428441,1.988732,0.443965,1.396585,1.233534,0.946582,0.190514,2.124606,0.425245,0.264508,24,374,695
1.124,110.830000,1.626180,1.303572,1.948788,1.708791,1.877019,1.870389,0.493080,1.982140,0.508902,1.333460,1.256432,0.933274,0.230390,2.183789,0.529024,0.322608,26,454,783
1.182,111.480000,1.503592,1.084354,1.922830,1.777574,2.012098,1.828954,0.598326,1.962104,0.631611,1.200791,1.297593,0.939980,0.328479,2.302680,0.743532,0.419238,30,585,924
1.222,112.270000,1.408241,0.949387,1.867094,1.689731,2.051047,1.801606,0.667937,1.940522,0.715221,1.096761,1.324854,0.963508,0.403317,2.391376,0.868893,0.458854,33,668,1022
1.281,113.870000,1.298287,0.813316,1.783258,1.539735,2.088339,1.757685,0.769868,1.891140,0.839103,0.916951,1.364541,1.029791,0.528181,2.525967,0.996126,0.484971,38,786,1172
1.321,115.660000,1.272591,0.788757,1.756426,1.439462,2.125630,1.727023,0.835335,1.838228,0.926415,0.768736,1.392124,1.108300,0.622674,2.615242,1.013856,0.483834,42,858,1274
1.3800000000000001,118.830000,1.302499,0.806550,1.798448,1.223170,2.060991,1.679787,0.927322,1.771982,1.005146,0.617629,1.416875,1.169547,0.694439,2.709707,1.015380,0.495949,46,955,1427
1.418,121.340000,1.353629,0.855886,1.851371,1.105494,2.016241,1.647467,0.982016,1.712830,1.059049,0.502791,1.434015,1.230685,0.742572,2.765516,0.980560,0.497743,49,1011,1525
1.472,124.940000,1.422633,0.925936,1.919329,1.000248,1.984750,1.605203,1.045827,1.645328,1.108841,0.386862,1.450232,1.283705,0.767128,2.821105,0.931037,0.496696,52,1074,1646
1.528,129.250000,1.499199,1.009029,1.989368,0.910748,1.873704,1.552995,1.114609,1.569663,1.154492,0.269986,1.465780,1.330200,0.771365,2.874428,0.871879,0.490170,55,1143,1785
1.57,132.080000,1.550520,1.069131,2.031910,0.897488,1.896908,1.516532,1.156045,1.514977,1.182630,0.191588,1.475882,1.363001,0.769041,2.904727,0.827919,0.481389,57,1186,1876
1.6320000000000001,136.650000,1.600015,1.134982,2.065048,0.932294,1.993037,1.455207,1.217369,1.457189,1.208959,0.112844,1.485860,1.368951,0.726230,2.944184,0.775047,0.465033,59,1253,2018
1.676,139.830000,1.646516,1.200311,2.092722,1.023452,2.041102,1.411286,1.257147,1.396585,1.233534,0.033753,1.495780,1.398050,0.706241,2.970063,0.722666,0.446205,61,1298,2116
1.72,143.640000,1.689333,1.263829,2.114836,1.186707,2.084195,1.347476,1.306040,1.333460,1.256432,-0.045544,1.505696,1.407255,0.665077,2.999236,0.671671,0.425503,63,1366,2241
1.7850000000000001,147.700000,1.746060,1.346923,2.145196,1.288638,2.124802,1.264605,1.362392,1.234676,1.287848,-0.163930,1.520596,1.437268,0.629617,3.031296,0.609580,0.399136,66,1456,2394
1.832,150.950000,1.778924,1.400006,2.157843,1.312670,2.131431,1.189193,1.406314,1.166479,1.307000,-0.242416,1.530645,1.436997,0.586460,3.054963,0.568011,0.378918,68,1536,2524
1.8800000000000001,154.140000,1.805789,1.451800,2.159777,1.428689,2.148005,1.112123,1.445263,1.096761,1.324854,-0.320532,1.540865,1.435841,0.538857,3.074961,0.522746,0.353989,70,1617,2651
1.9160000000000001,156.320000,1.830825,1.495991,2.165659,1.498300,2.135575,1.046655,1.475096,1.025691,1.341526,-0.398247,1.551316,1.446911,0.510511,3.088891,0.487698,0.334834,72,1688,2755
1.967,158.820000,1.862771,1.555789,2.169754,1.564597,2.125630,0.962127,1.509902,0.916951,1.364541,-0.514013,1.567603,1.477268,0.479525,3.102524,0.439463,0.306983,75,1780,2883
2.017,161.010000,1.880666,1.590740,2.170593,1.594430,2.140547,0.873456,1.541393,0.843254,1.378734,-0.590586,1.578975,1.464524,0.440867,3.115928,0.411097,0.289926,77,1877,3013
2.057,162.440000,1.896704,1.620416,2.172993,1.698847,2.149663,0.801359,1.565425,0.768736,1.392124,-0.666598,1.590842,1.468176,0.418657,3.124280,0.388447,0.276288,79,1958,3116
2.107,164.190000,1.911140,1.648963,2.173317,1.707134,2.088339,0.709372,1.592773,0.693493,1.404809,-0.741998,1.603274,1.451408,0.385319,3.134357,0.365823,0.262177,81,2061,3245
2.1590000000000003,165.810000,1.929756,1.691830,2.167682,1.670671,2.162093,0.614900,1.617634,0.579478,1.422713,-0.853770,1.623236,1.468680,0.354596,3.137778,0.328783,0.237926,84,2165,3375
2.21,167.440000,1.940711,1.720378,2.161044,1.735310,2.105741,0.520427,1.640009,0.502791,1.434015,-0.927220,1.637520,1.447649,0.317237,-3.139874,0.302752,0.220333,86,2271,3505
2.261,169.050000,1.955916,1.766255,2.145576,1.761829,2.067621,0.425126,1.659069,0.386862,1.450232,-1.035544,1.660708,1.460671,0.275849,3.140471,0.258581,0.189661,89,2375,3634
2.311,170.860000,1.969360,1.812013,2.126707,1.807407,2.164580,0.308279,1.679787,0.269986,1.465780,-1.141083,1.686310,1.449376,0.223787,3.137092,0.213060,0.157347,92,2506,3791
2.363,172.190000,1.978371,1.844354,2.112387,1.881991,2.148005,0.209663,1.693875,0.191588,1.475882,-1.209631,1.704889,1.419336,0.181953,3.133832,0.180642,0.134016,94,2616,3921
2.415,173.200000,1.990633,1.886748,2.094517,1.914310,2.150492,0.107732,1.707134,0.073342,1.490822,-1.309094,1.735356,1.417107,0.139735,3.121676,0.139165,0.103885,97,2733,4051
2.467,173.840000,1.998828,1.912597,2.085059,2.003811,2.075079,0.004972,1.718736,-0.005915,1.500739,-1.372772,1.757527,1.378290,0.109272,3.113445,0.115042,0.086231,99,2855,4180
2.519,174.480000,1.988676,1.935543,2.041809,1.956574,2.148005,-0.096959,1.728680,-0.124549,1.515615,-1.463458,1.793759,1.368048,0.066671,3.094004,0.071247,0.053133,102,2974,4309
2.5580000000000003,175.000000,1.980374,1.952937,2.007811,1.962375,2.162093,-0.179000,1.736139,-0.203219,1.525606,-1.520381,1.819999,1.343999,0.033367,3.079156,0.036945,0.027437,104,3069,4414
2.612,175.850000,1.967257,1.986643,1.947872,2.051047,2.083366,-0.302478,1.746083,-0.320532,1.540865,-1.599647,1.862548,1.302387,-0.022286,3.052049,-0.026278,-0.019386,107,3215,4567
2.664,176.230000,1.953643,2.019582,1.887705,2.072593,2.099112,-0.407723,1.752713,-0.436953,1.556654,-1.671147,1.909057,1.273061,-0.072934,3.018472,-0.090004,-0.065938,110,3340,4695
2.715,176.330000,1.938183,2.052828,1.823539,2.025357,1.998838,-0.510483,1.759342,-0.552367,1.573226,-1.734575,1.959439,1.240339,-0.121333,2.979560,-0.157735,-0.114645,113,3465,4819
2.766,176.140000,1.926455,2.082013,1.770897,2.099941,1.838069,-0.611585,1.765972,-0.628667,1.584834,-1.772463,1.995401,1.183332,-0.150760,2.946473,-0.215329,-0.155558,115,3591,4937
2.817,175.600000,1.907348,2.118030,1.696667,2.119001,1.767629,-0.711030,1.773430,-0.741998,1.603274,-1.822983,2.053189,1.146606,-0.193626,2.895117,-0.294554,-0.210681,118,3718,5051
2.868,174.550000,1.884460,2.151605,1.617314,2.139718,1.770944,-0.808817,1.781717,-0.853770,1.623236,-1.866343,2.116207,1.109164,-0.232537,2.835255,-0.378033,-0.267145,121,3846,5161
2.907,173.560000,1.866175,2.178445,1.553905,2.133089,1.698847,-0.885887,1.790005,-0.927220,1.637520,-1.891475,2.161546,1.072031,-0.256408,2.787673,-0.446217,-0.312270,123,3949,5244
2.958,171.960000,1.846559,2.210194,1.482924,2.127288,1.614319,-0.979530,1.802435,-0.999706,1.652719,-1.913694,2.209801,1.019122,-0.272705,2.730379,-0.525136,-0.363635,125,4078,5344
3.009,169.880000,1.810358,2.240316,1.380400,2.125630,1.500786,-1.070688,1.817352,-1.106256,1.677488,-1.941538,2.287984,0.989886,-0.310292,2.646128,-0.633330,-0.429958,128,4207,5437
3.0620000000000003,167.090000,1.768395,2.274008,1.262782,2.138061,1.371508,-1.175934,1.838898,-1.209631,1.704889,-1.963192,2.373545,0.951642,-0.345243,2.545014,-0.762443,-0.505613,131,4362,5542
3.113,164.250000,1.715666,2.278882,1.152450,2.142204,1.248860,-1.258804,1.860445,-1.309094,1.735356,-1.978984,2.466441,0.941218,-0.387759,2.442082,-0.875409,-0.563216,134,4491,5620
3.164,160.860000,1.675496,2.273551,1.077440,2.142204,1.117924,-1.339189,1.886134,-1.372772,1.757527,-1.986559,2.532235,0.914623,-0.398126,2.357176,-0.951846,-0.598055,136,4621,5693
3.215,156.950000,1.604017,2.214261,0.993773,2.143862,0.954669,-1.412115,1.915139,-1.463458,1.793759,-1.994148,2.636066,0.926552,-0.435484,2.249997,-1.014526,-0.610244,139,4750,5754
3.267,152.560000,1.527131,2.122199,0.932064,2.136404,0.847766,-1.480897,1.947459,-1.547629,1.833790,-1.998146,2.745375,0.950903,-0.469787,2.145940,-1.039103,-0.595068,142,4880,5808
3.318,147.750000,1.447741,2.002828,0.892655,2.139718,0.774011,-1.544708,1.984750,-1.624376,1.877602,-1.999706,2.859330,0.985856,-0.496862,2.050511,-1.022442,-0.555087,145,5009,5857
3.369,142.630000,1.371518,1.869903,0.873133,2.041102,0.709372,-1.602717,2.026186,-1.693192,1.925371,-1.999999,2.977140,1.030605,-0.514620,1.966529,-0.969019,-0.498385,148,5137,5901
3.408,138.430000,1.330807,1.786753,0.874862,2.031987,0.650534,-1.645810,2.062649,-1.734575,1.959439,-1.999981,3.056680,1.055242,-0.508675,1.913071,-0.913622,-0.455946,150,5240,5934
3.472,131.770000,1.279085,1.660382,0.897788,2.143862,0.668766,-1.704648,2.121487,-1.806962,2.033383,-1.998962,3.211122,1.128683,-0.506345,1.834604,-0.794937,-0.381297,154,5396,5979
3.5220000000000002,126.490000,1.280441,1.614161,0.946721,2.088339,0.811303,-1.749398,2.177839,-1.866343,2.116207,-1.994474,3.357642,1.204989,-0.504577,1.775610,-0.695010,-0.333720,158,5524,6025
3.5740000000000003,121.870000,1.319587,1.628190,1.010985,1.917625,0.875942,-1.790005,2.239163,-1.902941,2.185311,-1.987219,3.461013,1.237663,-0.477645,1.730823,-0.623635,-0.308603,161,5649,6077
3.624,117.550000,1.383161,1.673074,1.093248,1.944973,0.878428,-1.824810,2.301316,-1.932949,2.261116,-1.975525,3.557664,1.265356,-0.447465,1.690188,-0.558938,-0.289913,164,5768,6130
3.689,112.350000,1.503592,1.781448,1.225735,1.838069,1.000248,-1.865417,2.389988,-1.963192,2.373545,-1.951722,3.675502,1.288409,-0.409012,1.637833,-0.492787,-0.277856,168,5926,6207
3.733,110.090000,1.570839,1.851040,1.290639,1.770944,1.078975,-1.885306,2.443025,-1.974338,2.434682,-1.936057,3.729505,1.287481,-0.394237,1.610226,-0.475670,-0.280200,170,6013,6258
3.778,107.570000,1.639033,1.925848,1.352218,1.745254,1.268749,-1.909338,2.513465,-1.983048,2.498967,-1.917639,3.780443,1.267005,-0.374550,1.577348,-0.466641,-0.286815,172,6120,6329
3.823,106.140000,1.705872,2.012228,1.399517,1.824810,1.385596,-1.926741,2.571474,-1.989553,2.566220,-1.896397,3.828503,1.257395,-0.378583,1.546662,-0.478903,-0.306356,174,6204,6392
3.888,103.840000,1.794953,2.145716,1.444190,1.977292,1.471782,-1.956574,2.685007,-1.995815,2.671925,-1.858954,3.895699,1.214622,-0.384398,1.490338,-0.521109,-0.350763,177,6366,6514
3.931,102.410000,1.850112,2.234063,1.466160,2.041102,1.514874,-1.972320,2.753789,-1.998146,2.745375,-1.830031,3.937584,1.192315,-0.393368,1.451173,-0.553411,-0.383952,179,6463,6587
3.967,100.840000,1.900547,2.321606,1.479488,2.081709,1.541393,-1.987237,2.825058,-1.999373,2.820872,-1.797723,3.977376,1.167798,-0.402845,1.407792,-0.590789,-0.421059,181,6564,6662
4.021,98.890000,1.944248,2.411911,1.476585,2.096626,1.560453,-2.002153,2.913730,-1.999885,2.898214,-1.761852,4.015218,1.127396,-0.407636,1.356001,-0.641431,-0.467663,183,6689,6754
4.087,96.100000,1.981853,2.535969,1.427736,2.043589,1.585314,-2.018727,3.042179,-1.999981,3.056680,-1.678966,4.085318,1.097076,-0.448685,1.255922,-0.745587,-0.554116,187,6867,6887
4.131,94.420000,1.942367,2.534421,1.350314,2.127288,1.567083,-2.025357,3.117591,-1.999744,3.134780,-1.631921,4.117604,1.074625,-0.469334,1.195966,-0.812827,-0.592054,189,6972,6965
4.175,92.820000,1.920964,2.552540,1.289388,2.131431,1.543879,-2.029501,3.189689,-1.999440,3.173198,-1.607035,4.133054,1.033642,-0.468366,1.149750,-0.876749,-0.631576,190,7073,7039
4.219,90.630000,1.847800,2.524233,1.171367,2.152149,1.496643,-2.031987,3.282504,-1.997329,3.285512,-1.527202,4.176626,1.026773,-0.514585,1.056845,-0.976199,-0.676433,193,7205,7132
4.2780000000000005,87.730000,1.759259,2.471502,1.047017,2.133917,1.416258,-2.030329,3.389407,-1.992492,3.392771,-1.440263,4.216096,1.015674,-0.556859,0.950888,-1.079610,-0.712243,196,7358,7236
4.317,85.600000,1.694908,2.418709,0.971106,2.140547,1.353277,-2.025357,3.459847,-1.987219,3.461013,-1.378831,4.240217,1.013397,-0.584751,0.878925,-1.138786,-0.723801,198,7461,7303
4.381,82.000000,1.587898,2.303998,0.871797,2.146348,1.268749,-2.013755,3.562606,-1.975525,3.557664,-1.282214,4.273319,1.019934,-0.625509,0.770958,-1.202597,-0.716100,201,7616,7398
4.425,79.420000,1.520170,2.220353,0.819988,2.142204,1.214883,-2.002982,3.628903,-1.964887,3.618207,-1.215323,4.293482,1.030569,-0.652246,0.700848,-1.228252,-0.700182,203,7719,7458
4.4750000000000005,75.920000,1.420191,2.075079,0.765302,2.146348,1.160188,-1.984750,3.710116,-1.944241,3.702898,-1.111784,4.321134,1.065558,-0.698094,0.610681,-1.229672,-0.654889,206,7849,7529
4.524,72.270000,1.342964,1.953686,0.732241,2.146348,1.084776,-1.961547,3.790500,-1.917639,3.780443,-1.005121,4.346075,1.106080,-0.741807,0.526247,-1.212685,-0.610722,209,7981,7598
4.591,66.720000,1.281771,1.835393,0.728149,2.131431,0.985331,-1.922597,3.892431,-1.872205,3.873912,-0.859085,4.375761,1.168190,-0.785902,0.426562,-1.151786,-0.553622,213,8159,7684
4.635,63.350000,1.272584,1.804160,0.741007,2.149663,0.933123,-1.895250,3.948783,-1.844904,3.916914,-0.784743,4.389314,1.194694,-0.794935,0.377653,-1.113905,-0.531577,215,8263,7730
4.679,58.920000,1.285906,1.788417,0.783396,2.138061,0.865998,-1.857958,4.015908,-1.797723,3.977376,-0.671861,4.408321,1.249326,-0.813253,0.319508,-1.042088,-0.502510,218,8394,7786
4.722,55.160000,1.311076,1.794885,0.827268,2.096626,0.807988,-1.825639,4.064802,-1.761852,4.015218,-0.595810,4.420232,1.280160,-0.806330,0.281342,-0.984044,-0.483809,220,8495,7825
4.787,48.400000,1.367846,1.819527,0.916166,1.973977,0.723460,-1.764315,4.141872,-1.701096,4.068483,-0.480734,4.437178,1.317112,-0.763797,0.226129,-0.880568,-0.451681,223,8668,7890
4.831,44.600000,1.414431,1.845290,0.983571,2.030329,0.694455,-1.725365,4.181649,-1.655904,4.101692,-0.403433,4.447976,1.348494,-0.738568,0.198806,-0.812311,-0.430859,225,8767,7925
4.875,40.870000,1.439300,1.850981,1.027619,2.025357,0.735062,-1.685588,4.218113,-1.631921,4.117604,-0.364616,4.453244,1.341735,-0.686565,0.176154,-0.762743,-0.411681,226,8864,7958
4.9190000000000005,36.260000,1.490578,1.873634,1.107523,1.993037,0.867655,-1.629236,4.262034,-1.581268,4.148040,-0.286679,4.463598,1.357603,-0.631526,0.149021,-0.685292,-0.383056,228,8988,8008
4.984,31.380000,1.567290,1.914645,1.219934,1.856301,0.997762,-1.557967,4.309270,-1.498967,4.190232,-0.169072,4.478749,1.399197,-0.578524,0.121424,-0.591008,-0.347355,231,9128,8074
5.0280000000000005,28.030000,1.615891,1.940248,1.291534,1.919283,1.065716,-1.493328,4.344905,-1.440263,4.216096,-0.090229,4.488704,1.410448,-0.532432,0.102130,-0.535278,-0.324357,233,9244,8136
5.08,24.990000,1.661220,1.963745,1.358695,1.916797,1.237258,-1.424545,4.378881,-1.378831,4.240217,-0.011043,4.498619,1.418565,-0.488620,0.084508,-0.485627,-0.302525,235,9360,8205
5.1290000000000004,22.590000,1.702724,1.990083,1.415365,1.897736,1.402170,-1.350790,4.411201,-1.314967,4.262679,0.068207,4.508534,1.422331,-0.455220,0.068486,-0.450038,-0.287359,237,9476,8284
5.173,20.820000,1.738732,2.012960,1.464504,2.036130,1.441948,-1.285323,4.436891,-1.248996,4.283602,0.147115,4.518466,1.434759,-0.432888,0.056887,-0.420579,-0.274228,239,9575,8354
5.238,17.910000,1.801125,2.046578,1.555672,2.096626,1.523161,-1.168475,4.477497,-1.111784,4.321134,0.303884,4.538661,1.473629,-0.394584,0.041517,-0.363407,-0.245453,243,9749,8479
5.283,16.270000,1.813732,2.049830,1.577633,2.112371,1.567911,-1.098035,4.499044,-1.076548,4.329749,0.342836,4.543833,1.441567,-0.360685,0.031075,-0.347127,-0.236098,244,9851,8554
5.327,14.320000,1.848435,2.058338,1.638533,2.109885,1.582828,-1.010192,4.522248,-0.968983,4.353865,0.459076,4.559751,1.469747,-0.327067,0.025519,-0.302818,-0.209902,247,9977,8648
5.371,12.780000,1.867851,2.059309,1.676394,2.135575,1.644981,-0.934780,4.540479,-0.895949,4.368693,0.536002,4.570812,1.471095,-0.295767,0.020621,-0.273337,-0.191457,249,10083,8728
5.437,10.400000,1.893204,2.054585,1.731823,2.075079,1.702990,-0.806331,4.566169,-0.784743,4.389314,0.650427,4.588254,1.456925,-0.241250,0.015159,-0.227313,-0.161381,252,10259,8869
5.481,9.290000,1.907983,2.052524,1.763443,2.030329,1.756028,-0.730090,4.579428,-0.709655,4.402142,0.725959,4.600569,1.456203,-0.214189,0.014518,-0.202015,-0.144540,254,10360,8954
5.525,8.450000,1.921344,2.050968,1.791719,2.048561,1.794148,-0.656335,4.590201,-0.633908,4.414337,0.800807,4.613531,1.457329,-0.191045,0.016009,-0.179908,-0.129625,256,10456,9038
5.572,7.630000,1.938690,2.049781,1.827599,2.096626,1.819009,-0.560205,4.604289,-0.519221,4.431634,0.911594,4.634402,1.472107,-0.165572,0.020457,-0.152806,-0.111091,259,10582,9147
5.6370000000000005,6.630000,1.953643,2.042705,1.864582,2.039445,1.874533,-0.444186,4.618377,-0.403433,4.447976,1.020251,4.657272,1.464954,-0.130446,0.026553,-0.121566,-0.089061,262,10732,9280
5.681,5.890000,1.963417,2.036861,1.889973,1.940000,1.886963,-0.344742,4.629151,-0.325695,4.458453,1.091268,4.673800,1.436703,-0.102948,0.031083,-0.099750,-0.073444,264,10857,9396
5.7250000000000005,5.550000,1.971853,2.032291,1.911414,2.041931,1.885306,-0.267672,4.636609,-0.247572,4.468690,1.160901,4.691503,1.429627,-0.083527,0.038407,-0.081735,-0.060439,266,10954,9486
5.772,5.030000,1.984743,2.021725,1.947761,2.092482,1.929227,-0.168227,4.645725,-0.129691,4.483736,1.262266,4.720456,1.432444,-0.050978,0.052194,-0.049689,-0.036982,269,11079,9602
5.836,4.490000,1.997267,2.007407,1.987127,2.031987,1.965690,-0.047236,4.655669,-0.011043,4.498619,1.359202,4.752616,1.409776,-0.013454,0.068822,-0.013538,-0.010140,272,11230,9744
5.875,4.340000,1.994537,1.988254,2.000820,1.882820,1.906023,0.030662,4.662299,0.068207,4.508534,1.420918,4.776004,1.394898,0.008172,0.081606,0.008400,0.006283,274,11326,9839
5.936,4.460000,1.982367,1.952988,2.011746,2.009612,2.036130,0.150824,4.671415,0.186447,4.523461,1.508366,4.814234,1.365033,0.036820,0.104819,0.039521,0.029379,277,11469,9987
5.9750000000000005,4.800000,1.973499,1.930849,2.016149,2.030329,1.988894,0.232038,4.678044,0.264829,4.533551,1.562781,4.841773,1.340778,0.051801,0.122420,0.057631,0.042650,279,11567,10085
6.0200000000000005,4.910000,1.964705,1.898716,2.030694,2.024528,2.088339,0.335626,4.686331,0.342836,4.543833,1.613832,4.871108,1.291493,0.074696,0.143565,0.089566,0.065989,281,11691,10211
6.065,5.180000,1.950868,1.851208,2.050529,1.938343,2.080052,0.436728,4.695447,0.459076,4.559751,1.683787,4.918256,1.266807,0.109309,0.176802,0.136227,0.099660,284,11810,10338
6.117,5.790000,1.940211,1.816980,2.063442,1.851329,2.034473,0.535344,4.705392,0.536002,4.570812,1.725975,4.951963,1.215895,0.125199,0.204206,0.169371,0.123231,286,11924,10462
6.1690000000000005,6.480000,1.923072,1.761131,2.085012,1.785032,2.043589,0.629816,4.715336,0.650427,4.588254,1.782646,5.006004,1.188909,0.158707,0.246987,0.224558,0.161940,289,12034,10583
6.2090000000000005,7.340000,1.909888,1.721753,2.098023,1.678958,1.993037,0.705229,4.724452,0.725959,4.600569,1.816192,5.044574,1.156165,0.175566,0.280549,0.262683,0.188135,291,12118,10682
6.261,9.210000,1.887432,1.662264,2.112600,1.633379,2.108228,0.817933,4.741026,0.837945,4.620294,1.860525,5.106796,1.104892,0.194184,0.337412,0.318130,0.225168,294,12240,10834
6.312,10.980000,1.861043,1.592365,2.129722,1.583657,2.103255,0.909919,4.757600,0.948077,4.641772,1.898052,5.174922,1.072644,0.221476,0.399610,0.384987,0.268679,297,12337,10962
6.363,13.130000,1.839828,1.541783,2.137874,1.515703,2.129774,0.999419,4.777489,1.020251,4.657272,1.919423,5.224044,1.022653,0.225892,0.451887,0.431990,0.298045,299,12430,11091
6.414,15.330000,1.803469,1.450325,2.156613,1.422059,2.106570,1.087262,4.799864,1.126272,4.682501,1.946149,5.303753,0.995786,0.258889,0.530565,0.522170,0.353144,302,12520,11220
6.465,17.800000,1.773712,1.379479,2.167945,1.395541,2.140547,1.172619,4.825554,1.195129,4.700820,1.960522,5.360973,0.952610,0.268930,0.596868,0.592705,0.394233,304,12606,11350
6.516,20.740000,1.721968,1.275891,2.168046,1.333388,2.105741,1.255489,4.855387,1.295114,4.730803,1.977070,5.452705,0.936732,0.303078,0.691458,0.690803,0.446077,307,12689,11479
6.5680000000000005,23.840000,1.661220,1.167802,2.154637,1.267091,2.168723,1.335874,4.888536,1.390374,4.764108,1.988323,5.551396,0.930094,0.342594,0.793313,0.792057,0.493418,310,12767,11610
6.606,26.660000,1.615891,1.101110,2.130672,1.204110,2.153806,1.397198,4.917540,1.450797,4.788315,1.993293,5.620738,0.921854,0.360972,0.867644,0.849530,0.514781,312,12827,11714
6.658,30.410000,1.537804,1.012928,2.062681,1.113781,2.153806,1.469295,4.957318,1.535978,4.827774,1.997738,5.729354,0.935570,0.398334,0.970563,0.910175,0.524877,315,12897,11844
6.7090000000000005,34.200000,1.458376,0.940930,1.975822,1.009364,2.162922,1.537249,5.001240,1.613832,4.871108,1.999580,5.842715,0.960120,0.436099,1.068391,0.946159,0.517446,318,12961,11975
6.774,39.200000,1.360640,0.884202,1.837079,0.924007,2.114029,1.611833,5.057592,1.705325,4.934880,1.999999,5.999875,1.019103,0.484885,1.180038,0.933754,0.476439,322,13031,12130
6.832,44.570000,1.291077,0.870688,1.711465,0.817933,2.012098,1.677301,5.116430,1.782646,5.006004,1.999584,6.156687,1.089038,0.514901,1.270363,0.868296,0.420389,326,13094,12279
6.872,48.260000,1.272635,0.889253,1.656017,0.766553,1.956574,1.714592,5.157036,1.831777,5.064692,1.997764,6.269616,1.148051,0.529406,1.321570,0.803335,0.383382,329,13132,12375
6.931,53.450000,1.296054,0.948034,1.644074,0.689483,1.842213,1.764315,5.218360,1.886281,5.151501,1.991183,6.412186,1.215191,0.528700,1.383001,0.716062,0.348020,333,13185,12512
6.9750000000000005,56.840000,1.329088,0.999201,1.658975,0.719317,1.735310,1.791662,5.258967,1.909097,5.199094,1.985393,6.479503,1.235815,0.505426,1.413383,0.661881,0.329887,335,13217,12599
7.019,60.580000,1.401195,1.082140,1.720250,0.814618,1.601888,1.823981,5.312833,1.937942,5.276360,1.972792,6.574941,1.270850,0.490337,1.453432,0.607206,0.319055,338,13265,12701
7.082,63.880000,1.489937,1.168797,1.811077,0.957155,1.513217,1.857130,5.375815,1.960522,5.360973,1.954888,6.663041,1.290933,0.478931,1.494997,0.574771,0.321140,341,13328,12811
7.123,65.290000,1.520170,1.190581,1.849760,1.046655,1.439462,1.877847,5.421393,1.966656,5.390749,1.947654,6.690791,1.271316,0.467226,1.515859,0.578162,0.329589,342,13376,12883
7.187,67.270000,1.622031,1.255594,1.988468,1.235600,1.652439,1.914310,5.505093,1.981374,5.484857,1.921938,6.769335,1.264265,0.481454,1.564763,0.602433,0.366437,345,13472,13008
7.231,68.620000,1.689395,1.294758,2.084032,1.306869,1.825639,1.937514,5.562273,1.988323,5.551396,1.901300,6.817908,1.256157,0.491466,1.599630,0.622925,0.394637,347,13534,13094
7.276,70.190000,1.754040,1.331050,2.177031,1.354105,1.920940,1.959889,5.621940,1.993293,5.620738,1.877891,6.863746,1.244510,0.497997,1.636732,0.643072,0.422991,349,13599,13184
7.32,72.470000,1.812224,1.358905,2.265543,1.362392,2.027843,1.985579,5.700667,1.996616,5.692601,1.851293,6.907055,1.213839,0.491420,1.681652,0.667053,0.453319,351,13680,13302
7.38,75.520000,1.890002,1.392558,2.387447,1.410457,1.998838,2.013755,5.800112,1.999190,5.804459,1.805379,6.967797,1.186132,0.493728,1.747390,0.701861,0.497445,354,13781,13452
7.42,77.570000,1.934716,1.402819,2.466614,1.395541,2.101598,2.030329,5.868894,1.999827,5.881408,1.770458,7.005697,1.166127,0.498473,1.795533,0.733128,0.531898,356,13849,13554
7.479,80.690000,1.974997,1.395282,2.554711,1.463494,2.138061,2.049389,5.973311,1.999992,5.960016,1.731918,7.041632,1.114495,0.486119,1.859654,0.782738,0.579714,358,13953,13707
7.518,82.710000,1.988567,1.368648,2.608486,1.495814,2.133089,2.060163,6.045409,1.999993,6.039646,1.689680,7.075636,1.094817,0.498215,1.916009,0.831311,0.619919,360,14024,13810
7.583,85.660000,1.928872,1.267636,2.590108,1.466809,2.144691,2.070107,6.153141,1.999584,6.156687,1.619432,7.122998,1.069453,0.522776,2.005792,0.914159,0.661236,363,14132,13965
7.628,88.310000,1.883549,1.188888,2.578209,1.441948,2.157950,2.074251,6.242641,1.998601,6.232487,1.568177,7.152112,1.040793,0.532676,2.078577,0.983478,0.694660,365,14219,14094
7.6690000000000005,90.500000,1.829060,1.111069,2.547050,1.405485,2.172038,2.075079,6.317224,1.996645,6.306180,1.513617,7.179244,1.028746,0.553918,2.148108,1.046790,0.717990,367,14290,14202
7.728,94.010000,1.738183,1.007897,2.468469,1.251346,2.156292,2.070107,6.420813,1.991183,6.412186,1.426166,7.216256,1.023421,0.586739,2.251326,1.120383,0.730286,370,14386,14356
7.771,96.580000,1.672661,0.946213,2.399109,1.228142,2.170380,2.063477,6.488766,1.985393,6.479503,1.364554,7.238534,1.025010,0.608403,2.321112,1.158152,0.726448,372,14447,14460
7.835,100.900000,1.570572,0.870718,2.270427,1.109637,2.157950,2.047732,6.587382,1.972792,6.574941,1.268067,7.268505,1.035280,0.636802,2.423551,1.188279,0.699854,375,14532,14617
7.876,104.900000,1.497585,0.826952,2.168218,0.985331,2.164580,2.029501,6.664452,1.961473,6.634491,1.201343,7.286322,1.035648,0.640408,2.497510,1.194160,0.670633,377,14595,14745
7.916,108.370000,1.404691,0.793609,2.015772,0.883400,2.162093,2.011269,6.724948,1.939760,6.717749,1.098384,7.310065,1.084307,0.681964,2.571602,1.160078,0.611081,380,14640,14852
7.98,114.190000,1.352414,0.785582,1.919247,0.770696,2.154635,1.978949,6.806161,1.921938,6.769335,1.028101,7.324059,1.082743,0.655140,2.642851,1.117670,0.566832,382,14699,15005
8.026,118.380000,1.309624,0.788219,1.831029,0.696942,2.158779,1.953260,6.857541,1.901300,6.817908,0.956762,7.336669,1.105700,0.648995,2.693413,1.061689,0.521405,384,14734,15109
8.069,123.770000,1.273740,0.809767,1.737714,0.632303,2.162093,1.915968,6.918036,1.864962,6.885690,0.848098,7.353187,1.153127,0.645811,2.754642,0.971362,0.463973,387,14774,15240
8.128,130.690000,1.268861,0.863076,1.674646,0.564349,2.136404,1.865417,6.983504,1.821525,6.948086,0.737851,7.367109,1.191032,0.604877,2.813669,0.852806,0.405785,390,14817,15396
8.169,135.580000,1.283026,0.916307,1.649745,0.606613,2.123144,1.827296,7.023282,1.788363,6.986997,0.663651,7.375066,1.215657,0.563196,2.848016,0.762197,0.366719,392,14845,15502
8.228,142.170000,1.326399,1.009552,1.643245,0.711030,1.932542,1.765972,7.075490,1.731918,7.041632,0.551504,7.385116,1.253316,0.500305,2.891963,0.637007,0.316847,395,14893,15648
8.273,146.810000,1.366555,1.081071,1.652040,0.858539,1.944144,1.708791,7.115268,1.689680,7.075636,0.476293,7.390638,1.262885,0.444244,2.921778,0.557088,0.285484,397,14940,15768
8.312,149.940000,1.412512,1.146942,1.678081,0.950526,1.857958,1.661555,7.144273,1.643753,7.107700,0.400791,7.395297,1.285512,0.414264,2.945058,0.501366,0.265569,399,14984,15859
8.363,153.230000,1.486508,1.239967,1.733048,1.127869,1.775088,1.598573,7.177421,1.568177,7.152112,0.287131,7.400686,1.330312,0.391351,2.972965,0.442272,0.246540,402,15045,15970
8.415000000000001,155.680000,1.535904,1.298072,1.773736,1.309355,1.755199,1.529791,7.209740,1.513617,7.179244,0.211153,7.403238,1.332759,0.366731,2.995892,0.412929,0.237832,404,15120,16078
8.466,157.340000,1.583343,1.344344,1.822343,1.407971,1.769287,1.458522,7.240403,1.456016,7.204405,0.135060,7.405016,1.333660,0.357973,3.017848,0.402523,0.238999,406,15202,16183
8.517,158.800000,1.648466,1.406594,1.890337,1.448578,1.854644,1.383110,7.271065,1.364554,7.238534,0.020807,7.406209,1.368989,0.366644,3.042713,0.391268,0.241872,409,15289,16293
8.557,160.000000,1.683954,1.441727,1.926181,1.475925,1.838898,1.320957,7.294268,1.300739,7.258965,-0.055380,7.406035,1.380867,0.365708,3.060564,0.383584,0.242227,411,15359,16383
8.608,161.650000,1.718719,1.477202,1.960236,1.495814,1.960718,1.238086,7.322444,1.234924,7.277620,-0.131536,7.405086,1.372114,0.352746,3.081327,0.374725,0.241517,413,15451,16501
8.66,163.660000,1.761065,1.524335,1.997795,1.573712,1.984750,1.135327,7.353935,1.133060,7.302540,-0.245621,7.402179,1.381790,0.342216,3.106672,0.358465,0.236730,416,15565,16648
8.711,165.390000,1.796859,1.568139,2.025578,1.591115,2.001325,1.047484,7.377968,1.028101,7.324059,-0.359395,7.397478,1.407015,0.335990,3.127726,0.339436,0.228720,419,15660,16773
8.762,167.200000,1.815733,1.594900,2.036567,1.606032,2.027843,0.957984,7.399514,0.956762,7.336669,-0.435002,7.393305,1.393000,0.314668,-3.137136,0.324325,0.220833,421,15756,16898
8.813,168.920000,1.839465,1.629594,2.049335,1.688902,2.097454,0.865998,7.418574,0.848098,7.353187,-0.547891,7.385400,1.414278,0.304276,-3.118134,0.304249,0.209870,424,15856,17025
8.864,170.480000,1.852053,1.647613,2.056493,1.712935,2.079223,0.772354,7.435977,0.774754,7.362761,-0.622734,7.378997,1.396251,0.286932,-3.100772,0.294362,0.204440,426,15959,17152
8.915000000000001,172.110000,1.867956,1.674989,2.060923,1.689731,2.096626,0.677881,7.450065,0.663651,7.375066,-0.734171,7.367545,1.414461,0.275573,-3.083219,0.275477,0.192967,429,16062,17279
8.976,173.940000,1.880431,1.698524,2.062339,1.716250,2.092482,0.565177,7.463324,0.551504,7.385116,-0.844348,7.353707,1.413782,0.257809,-3.063980,0.257966,0.181908,432,16185,17431
9.02,175.060000,1.886988,1.710489,2.063486,1.715421,2.072593,0.488108,7.470783,0.476293,7.390638,-0.916922,7.343068,1.410822,0.248231,-3.050944,0.249425,0.176499,434,16270,17533
9.087,176.920000,1.894593,1.726534,2.062652,1.740282,2.094968,0.356343,7.479070,0.362952,7.397302,-1.024159,7.324804,1.389095,0.228218,-3.030308,0.236546,0.168059,437,16415,17706
9.131,178.000000,1.898295,1.735528,2.061062,1.741111,2.077565,0.280103,7.482385,0.287131,7.400686,-1.094326,7.310919,1.385083,0.219328,-3.017480,0.228650,0.162767,439,16499,17807
9.173,179.030000,1.901240,1.742857,2.059622,1.751055,2.046903,0.203862,7.484042,0.211153,7.403238,-1.163199,7.295635,1.379983,0.211523,-3.004637,0.222147,0.158383,441,16583,17907
9.232,180.660000,1.903941,1.751989,2.055893,1.787518,2.096626,0.088672,7.484871,0.096986,7.405608,-1.263652,7.269750,1.369327,0.199529,-2.983840,0.212825,0.151952,444,16711,18057
9.272,181.580000,1.904676,1.753906,2.055446,1.780889,1.987237,0.010773,7.482385,0.020807,7.406209,-1.328301,7.250444,1.359013,0.194931,-2.970084,0.211088,0.150770,446,16797,18158
9.33,182.970000,1.904328,1.752732,2.055925,1.773430,2.036130,-0.103588,7.478241,-0.093464,7.405658,-1.421116,7.218200,1.342945,0.191427,-2.946727,0.212283,0.151597,449,16926,18307
9.373,183.780000,1.903125,1.747655,2.058595,1.786690,2.046903,-0.179829,7.473269,-0.169591,7.404319,-1.479803,7.194419,1.329544,0.192541,-2.930291,0.217846,0.155470,451,17012,18405
9.419,184.790000,1.899528,1.735379,2.063677,1.749398,2.043589,-0.275130,7.465811,-0.283586,7.400816,-1.562159,7.155287,1.323959,0.201967,-2.904846,0.230442,0.164149,454,17119,18529
9.481,186.180000,1.894173,1.718990,2.069355,1.759342,2.071765,-0.388663,7.455037,-0.397227,7.395498,-1.637149,7.111912,1.294779,0.206729,-2.873382,0.246626,0.175182,457,17246,18678
9.521,187.060000,1.889178,1.703060,2.075295,1.765972,2.031987,-0.464075,7.445922,-0.472707,7.390878,-1.682768,7.080756,1.272226,0.212609,-2.850469,0.262714,0.186117,459,17331,18777
9.582,188.390000,1.879742,1.671067,2.088418,1.742768,2.074251,-0.577608,7.430176,-0.585359,7.382316,-1.744606,7.030379,1.233581,0.225241,-2.811538,0.296034,0.208676,462,17458,18925
9.622,189.400000,1.871783,1.645534,2.098033,1.747741,2.068450,-0.653020,7.418574,-0.659998,7.375414,-1.781524,6.994306,1.205622,0.234258,-2.781984,0.322330,0.226250,464,17542,19026
9.683,191.120000,1.856899,1.600417,2.113380,1.692217,2.108228,-0.766553,7.397857,-0.771053,7.363196,-1.830715,6.936131,1.160013,0.247818,-2.732219,0.368329,0.256481,467,17667,19179
9.728,192.650000,1.844474,1.561237,2.127711,1.629236,2.108228,-0.860197,7.377139,-0.844348,7.353707,-1.859579,6.894341,1.109892,0.252219,-2.691559,0.409493,0.283237,469,17769,19309
9.77,193.890000,1.830021,1.517972,2.142069,1.605203,2.099941,-0.930637,7.360565,-0.916922,7.343068,-1.885436,6.849858,1.082804,0.266566,-2.650429,0.454710,0.312048,471,17845,19408
9.829,196.350000,1.804026,1.449984,2.158068,1.553823,2.120658,-1.037540,7.331560,-1.024159,7.324804,-1.918760,6.777591,1.040880,0.283499,-2.580381,0.523336,0.354042,474,17959,19561
9.870000000000001,198.130000,1.782424,1.397724,2.167124,1.510731,2.048561,-1.107151,7.309185,-1.094326,7.310919,-1.937309,6.725532,1.014797,0.296353,-2.528814,0.575546,0.384700,476,18033,19663
9.935,200.960000,1.744580,1.307196,2.181964,1.448578,2.139718,-1.209910,7.272722,-1.197104,7.287399,-1.959987,6.641261,0.980488,0.321363,-2.441842,0.668560,0.437384,479,18140,19819
9.977,203.620000,1.696001,1.215835,2.176168,1.379795,2.144691,-1.291124,7.238745,-1.296231,7.260309,-1.976726,6.549586,0.972106,0.356724,-2.353607,0.754978,0.480167,482,18225,19947
10.016,206.010000,1.658484,1.152636,2.164333,1.315156,2.150492,-1.354934,7.208912,-1.359830,7.240143,-1.984863,6.484546,0.959956,0.374758,-2.286576,0.813351,0.505849,484,18290,20051
10.078,209.770000,1.594753,1.062869,2.126636,1.228142,2.133089,-1.444434,7.160847,-1.450802,7.206543,-1.993161,6.381742,0.952945,0.403829,-2.184405,0.889389,0.531884,487,18382,20206
10.117,212.510000,1.519585,0.988748,2.050422,1.163503,2.062649,-1.502444,7.125212,-1.535490,7.168793,-1.997661,6.273279,0.985409,0.452280,-2.097342,0.931547,0.530837,490,18441,20311
10.175,216.970000,1.445030,0.930481,1.959579,1.063230,2.046075,-1.581999,7.069689,-1.613038,7.126855,-1.999566,6.160048,1.000904,0.475635,-2.001147,0.949552,0.514549,493,18521,20464
10.234,220.900000,1.370202,0.891297,1.849106,0.994447,2.117343,-1.642495,7.019967,-1.682768,7.080756,-1.999989,6.042857,1.040454,0.504486,-1.921538,0.932037,0.478904,496,18583,20592
10.274000000000001,225.310000,1.312040,0.878351,1.745728,0.908262,2.109885,-1.698847,6.966930,-1.744606,7.030379,-1.999952,5.923717,1.085798,0.519598,-1.851792,0.881454,0.433689,499,18640,20722
10.333,229.810000,1.269531,0.889757,1.649306,0.832021,2.014584,-1.747741,6.912235,-1.815120,6.956096,-1.998646,5.770226,1.169247,0.545297,-1.787066,0.797721,0.379775,503,18692,20846
10.375,233.330000,1.267968,0.914826,1.621111,0.771525,1.924255,-1.781717,6.869142,-1.845530,6.915557,-1.996746,5.696391,1.192301,0.527901,-1.752136,0.742695,0.353143,505,18730,20942
10.419,237.760000,1.292786,0.970844,1.614729,0.713516,1.920940,-1.819009,6.813619,-1.885436,6.849858,-1.991355,5.590072,1.235626,0.506949,-1.710733,0.664079,0.321942,508,18775,21059
10.481,243.230000,1.346562,1.057765,1.635358,0.788099,1.869560,-1.857958,6.744008,-1.918760,6.777591,-1.981960,5.489895,1.260228,0.454153,-1.669352,0.571919,0.288796,511,18827,21198
10.521,246.670000,1.395330,1.125395,1.665266,0.843623,1.814866,-1.880333,6.695114,-1.937309,6.725532,-1.973107,5.427008,1.271496,0.417015,-1.643825,0.515884,0.269936,513,18867,21287
10.585,251.470000,1.519737,1.263303,1.776170,1.060743,1.728680,-1.912653,6.607271,-1.966204,6.611513,-1.948060,5.310758,1.296996,0.378462,-1.598099,0.449961,0.256433,517,18945,21436
10.631,253.500000,1.587674,1.327670,1.847677,1.171790,1.727852,-1.930056,6.552577,-1.976726,6.549586,-1.931729,5.257531,1.295047,0.366208,-1.572088,0.436704,0.260004,519,19000,21519
10.668000000000001,255.060000,1.655844,1.383463,1.928225,1.275378,1.767629,-1.945801,6.495396,-1.984863,6.484546,-1.912619,5.207330,1.288493,0.364133,-1.545041,0.438658,0.272381,521,19059,21603
10.708,256.570000,1.689327,1.408639,1.970016,1.358249,1.839727,-1.960718,6.434901,-1.988113,6.450918,-1.902002,5.183303,1.252974,0.347803,-1.523918,0.443077,0.280688,522,19123,21690
10.759,258.520000,1.779825,1.472249,2.087401,1.458522,1.923426,-1.978121,6.354516,-1.995023,6.346195,-1.865706,5.115167,1.244437,0.356829,-1.480339,0.460833,0.307576,525,19207,21804
10.809000000000001,260.760000,1.863734,1.515605,2.211862,1.595259,2.041102,-1.997181,6.250099,-1.998539,6.236015,-1.822312,5.052321,1.210476,0.364928,-1.425826,0.498109,0.348128,528,19318,21949
10.861,262.640000,1.910880,1.526677,2.295083,1.630893,2.079223,-2.009612,6.159770,-1.999566,6.160048,-1.789131,5.013024,1.167749,0.365565,-1.380848,0.536162,0.384203,530,19415,22073
10.912,264.380000,1.953570,1.519543,2.387597,1.659898,2.112371,-2.020385,6.066126,-1.999943,6.082322,-1.752350,4.975653,1.122932,0.373537,-1.329778,0.592457,0.434027,532,19515,22200
10.963000000000001,266.120000,1.991871,1.489813,2.493930,1.662384,2.112371,-2.027843,5.971654,-1.999995,5.963182,-1.690191,4.923074,1.101602,0.407832,-1.259272,0.672143,0.502059,535,19616,22328
11.015,268.000000,1.951716,1.402929,2.500503,1.606032,2.139718,-2.031987,5.878010,-1.999834,5.884683,-1.644071,4.890324,1.061133,0.422149,-1.196554,0.749818,0.548787,537,19714,22457
11.067,270.020000,1.883550,1.285983,2.481116,1.560453,2.138061,-2.033644,5.784367,-1.998646,5.770226,-1.568110,4.844666,1.048694,0.465206,-1.110830,0.846015,0.597567,540,19810,22586
11.109,271.810000,1.833801,1.203645,2.463957,1.488356,2.160436,-2.031987,5.711440,-1.996746,5.696391,-1.513229,4.816537,1.034389,0.490233,-1.045452,0.916356,0.630156,542,19883,22690
11.16,274.940000,1.743518,1.082687,2.404349,1.398855,2.154635,-2.025357,5.603709,-1.991355,5.590072,-1.425199,4.777734,1.020992,0.526802,-0.942437,1.010724,0.660831,545,19988,22846
11.212,277.820000,1.678312,1.000344,2.356280,1.347476,2.085853,-2.015413,5.516695,-1.985617,5.522527,-1.363132,4.754034,1.003554,0.542446,-0.863251,1.077222,0.677968,547,20070,22975
11.263,281.090000,1.570839,0.910155,2.231523,1.269577,2.164580,-2.000496,5.430509,-1.973107,5.427008,-1.265736,4.721500,1.021061,0.584661,-0.767564,1.121581,0.660684,550,20149,23106
11.314,284.550000,1.503592,0.852564,2.154619,1.175934,2.168723,-1.981436,5.348467,-1.961865,5.367256,-1.198401,4.701728,1.015586,0.595445,-0.690359,1.154617,0.651027,552,20223,23236
11.369,288.120000,1.405858,0.796575,2.015141,1.102179,2.160436,-1.957403,5.269740,-1.940249,5.283753,-1.094304,4.674532,1.048433,0.635181,-0.603724,1.155702,0.609283,555,20291,23367
11.435,292.860000,1.313702,0.764855,1.862549,1.002734,2.167894,-1.923426,5.179411,-1.902002,5.183303,-0.950938,4.642374,1.110919,0.687477,-0.504554,1.114097,0.548847,559,20367,23523
11.477,297.210000,1.278087,0.769884,1.786291,0.924836,2.170380,-1.889449,5.108971,-1.865706,5.115167,-0.840675,4.620800,1.156823,0.709495,-0.435643,1.060342,0.508204,562,20426,23654
11.518,300.910000,1.272591,0.788975,1.756208,0.874285,2.168723,-1.859616,5.055934,-1.837603,5.072728,-0.766124,4.607433,1.181896,0.707798,-0.389230,1.013400,0.483617,564,20469,23758
11.574,306.890000,1.291077,0.843594,1.738560,0.769039,2.036130,-1.809065,4.981351,-1.789131,5.013024,-0.652996,4.588670,1.220939,0.688893,-0.327442,0.924258,0.447483,567,20529,23914
11.614,310.890000,1.319120,0.895613,1.742626,0.724289,2.021213,-1.773430,4.937429,-1.752350,4.975653,-0.576811,4.576893,1.249753,0.668595,-0.292645,0.856139,0.423506,569,20565,24015
11.665000000000001,315.840000,1.378991,0.987988,1.769993,0.733405,2.000496,-1.726194,4.888536,-1.690191,4.923074,-0.461560,4.560101,1.306587,0.645408,-0.254094,0.756114,0.391003,572,20607,24138
11.716000000000001,320.550000,1.426769,1.064207,1.789331,0.822905,1.940000,-1.673986,4.842957,-1.644071,4.890324,-0.384142,4.549395,1.322828,0.592890,-0.223783,0.677637,0.362562,574,20656,24257
11.767,324.580000,1.477659,1.138911,1.816407,0.973729,1.910167,-1.618462,4.800693,-1.594306,4.859422,-0.306308,4.538986,1.337998,0.547208,-0.196865,0.611323,0.338748,576,20708,24372
11.807,327.380000,1.529273,1.206649,1.851898,1.127869,1.890278,-1.568740,4.767544,-1.541074,4.830372,-0.228079,4.528795,1.361754,0.521613,-0.176236,0.562576,0.322625,578,20760,24464
11.858,330.180000,1.579701,1.269635,1.889766,1.233943,1.881991,-1.503272,4.728595,-1.484612,4.803157,-0.149493,4.518769,1.369944,0.491160,-0.153769,0.523416,0.310065,580,20832,24577
11.909,333.090000,1.650231,1.354699,1.945764,1.307698,1.933371,-1.418744,4.683845,-1.394479,4.765674,-0.030965,4.503871,1.399401,0.467610,-0.128965,0.477561,0.295533,583,20924,24716
11.96,335.490000,1.712473,1.434566,1.990379,1.393883,1.993866,-1.344161,4.648211,-1.298707,4.731970,0.087874,4.488999,1.440858,0.449218,-0.110724,0.432757,0.277907,586,21005,24834
12.011000000000001,337.740000,1.746060,1.481699,2.010420,1.500786,2.027843,-1.263776,4.614234,-1.232295,4.711441,0.166694,4.479051,1.436843,0.416768,-0.094223,0.403744,0.264360,588,21093,24956
12.062,339.850000,1.778924,1.527550,2.030299,1.581999,2.088339,-1.179248,4.581914,-1.164081,4.692351,0.245171,4.469000,1.428888,0.384680,-0.079105,0.376819,0.251375,590,21186,25081
12.113,341.770000,1.819218,1.586632,2.051804,1.623435,2.099941,-1.092234,4.551252,-1.058912,4.666095,0.362175,4.453578,1.457686,0.362214,-0.067057,0.340932,0.232586,593,21283,25208
12.164,343.530000,1.842747,1.623446,2.062048,1.670671,2.094968,-1.003563,4.523905,-0.987203,4.650013,0.439678,4.442961,1.445509,0.331555,-0.056026,0.317354,0.219301,595,21381,25334
12.215,345.220000,1.872779,1.674220,2.071338,1.743597,2.133089,-0.910748,4.498215,-0.877653,4.627766,0.555069,4.426365,1.467576,0.304469,-0.048978,0.282730,0.198559,598,21485,25462
12.266,346.670000,1.889628,1.703812,2.075444,1.780889,2.116515,-0.815447,4.475011,-0.803497,4.614013,0.631344,4.414739,1.448045,0.274923,-0.041635,0.262226,0.185816,600,21592,25591
12.329,348.280000,1.911140,1.746309,2.075972,1.768458,2.023700,-0.702743,4.450150,-0.690867,4.594757,0.744645,4.396265,1.448390,0.241244,-0.037212,0.229994,0.164832,603,21720,25742
12.372,349.290000,1.924209,1.774322,2.074096,1.775917,2.093311,-0.627330,4.435233,-0.614977,4.582708,0.819321,4.383124,1.447590,0.217642,-0.036005,0.207721,0.149887,605,21805,25843
12.421,350.500000,1.941214,1.815083,2.067345,1.768458,2.106570,-0.531200,4.418659,-0.500093,4.565591,0.929792,4.361946,1.462092,0.185198,-0.038799,0.173267,0.126131,608,21913,25970
12.472,351.810000,1.951332,1.846434,2.056230,1.843042,2.112371,-0.435071,4.403743,-0.422907,4.554711,1.002233,4.346713,1.438435,0.148305,-0.039657,0.143353,0.104898,610,22020,26097
12.537,352.920000,1.970194,1.895130,2.045259,1.985579,2.063477,-0.295848,4.385511,-0.267238,4.533865,1.143532,4.313063,1.441202,0.105515,-0.050291,0.101600,0.075064,614,22184,26273
12.582,353.190000,1.978371,1.913991,2.042750,1.948287,2.056848,-0.215464,4.375567,-0.188832,4.523765,1.211982,4.294427,1.429750,0.088695,-0.056781,0.086778,0.064380,616,22280,26372
12.621,353.480000,1.987106,1.935762,2.038450,1.899394,2.046903,-0.136736,4.366451,-0.110064,4.513791,1.278652,4.274447,1.418376,0.069309,-0.064911,0.068903,0.051344,618,22373,26471
12.68,354.250000,1.999219,1.977814,2.020623,1.950773,2.017070,-0.019060,4.354020,0.008711,4.498911,1.374765,4.241724,1.398342,0.027913,-0.080393,0.028551,0.021405,621,22510,26618
12.72,354.570000,1.992586,1.990885,1.994288,1.959061,2.004639,0.059667,4.346562,0.087874,4.488999,1.435845,4.217932,1.382176,0.002175,-0.093198,0.002277,0.001701,623,22605,26716
12.778,354.700000,1.979975,2.005422,1.954529,2.062649,2.009612,0.180658,4.334960,0.205975,4.474043,1.522143,4.179126,1.350506,-0.031254,-0.115647,-0.034272,-0.025447,626,22753,26862
12.822000000000001,354.570000,1.971438,2.014553,1.928323,2.090825,1.998838,0.261871,4.327502,0.284270,4.463910,1.575747,4.151134,1.325660,-0.051245,-0.133437,-0.058320,-0.043115,628,22853,26958
12.886000000000001,354.190000,1.953182,2.035989,1.870376,2.056848,1.959889,0.403580,4.313414,0.439678,4.442961,1.672599,4.089948,1.288544,-0.093856,-0.174307,-0.113055,-0.082807,632,23029,27127
12.925,354.010000,1.943198,2.052613,1.833784,2.004639,1.906852,0.483964,4.305127,0.516728,4.432006,1.715680,4.056703,1.256519,-0.118532,-0.199019,-0.150151,-0.109415,634,23129,27222
12.984,353.730000,1.931913,2.074556,1.789269,2.046075,1.860445,0.579265,4.295182,0.593278,4.420621,1.755222,4.021607,1.207360,-0.143508,-0.228575,-0.196894,-0.142643,636,23248,27333
13.029,353.260000,1.913612,2.104609,1.722614,2.072593,1.816523,0.676224,4.284409,0.707038,4.402586,1.808058,3.965337,1.175948,-0.184030,-0.274776,-0.266160,-0.190997,639,23373,27444
13.074,352.370000,1.899441,2.120737,1.678146,2.096626,1.761000,0.753294,4.274465,0.782078,4.389793,1.839180,3.925057,1.140717,-0.202135,-0.311309,-0.310682,-0.221296,641,23474,27531
13.133000000000001,350.940000,1.875181,2.151873,1.598488,2.119001,1.702990,0.867655,4.257062,0.893201,4.369220,1.880083,3.860005,1.087504,-0.232678,-0.373749,-0.393480,-0.276692,644,23627,27656
13.172,349.780000,1.855751,2.174169,1.537333,2.116515,1.615148,0.942238,4.244631,0.966144,4.354463,1.903633,3.813159,1.053777,-0.254047,-0.421854,-0.457559,-0.318418,646,23729,27737
13.23,347.730000,1.822455,2.209962,1.434949,2.123144,1.584485,1.052456,4.222256,1.073531,4.330469,1.933552,3.737101,1.005836,-0.286824,-0.503325,-0.567010,-0.387507,649,23883,27854
13.27,346.160000,1.796365,2.233877,1.358853,2.153806,1.538907,1.124554,4.204853,1.143532,4.313063,1.949972,3.682315,0.976915,-0.309918,-0.564373,-0.649477,-0.437512,651,23987,27930
13.334,343.420000,1.748947,2.262121,1.235772,2.133917,1.448578,1.229799,4.175849,1.245555,4.284612,1.969469,3.594192,0.940976,-0.346405,-0.666377,-0.782452,-0.513175,654,24142,28039
13.378,340.930000,1.692722,2.270006,1.115439,2.133917,1.372337,1.314327,4.148501,1.343292,4.253016,1.983297,3.498915,0.932461,-0.395369,-0.770699,-0.909436,-0.577283,657,24271,28124
13.417,338.720000,1.650231,2.266469,1.033994,2.149663,1.315156,1.379795,4.124469,1.405628,4.230033,1.989729,3.431655,0.923044,-0.424216,-0.848932,-0.995800,-0.616238,659,24375,28189
13.476,335.080000,1.550520,2.192398,0.908643,2.079223,1.224827,1.473439,4.083862,1.522143,4.179126,1.997207,3.289275,0.951684,-0.499918,-0.988002,-1.103934,-0.641877,663,24529,28281
13.534,331.090000,1.445632,2.068483,0.822781,2.105741,0.995276,1.561282,4.039112,1.625948,4.121362,1.999714,3.138202,1.001929,-0.576685,-1.117882,-1.148934,-0.622851,667,24684,28363
13.576,327.900000,1.394408,1.990892,0.797924,2.144691,0.874285,1.613490,4.007621,1.672599,4.089948,1.999978,3.059991,1.023414,-0.597379,-1.183544,-1.140716,-0.596484,669,24788,28407
13.616,324.150000,1.330807,1.872029,0.789586,2.150492,0.759923,1.663213,3.973644,1.735890,4.039391,1.999975,2.940813,1.086347,-0.639935,-1.255608,-1.084497,-0.541221,672,24892,28447
13.656,319.970000,1.298123,1.795902,0.800345,2.152149,0.647219,1.707134,3.938839,1.773647,4.003325,1.999716,2.862836,1.115072,-0.635718,-1.305300,-1.022559,-0.497778,674,24995,28480
13.708,314.350000,1.273701,1.712375,0.835027,2.146348,0.566006,1.756856,3.891602,1.824044,3.945510,1.998178,2.749295,1.167520,-0.625953,-1.362600,-0.918425,-0.438674,677,25125,28516
13.759,307.480000,1.289946,1.670046,0.909846,2.065964,0.717659,1.810722,3.827792,1.880083,3.860005,1.992182,2.605954,1.235239,-0.599470,-1.423361,-0.785769,-0.380100,681,25278,28564
13.811,302.440000,1.339369,1.690617,0.988121,1.903537,0.826220,1.849671,3.770611,1.914320,3.788602,1.983303,2.505611,1.272039,-0.565787,-1.465549,-0.699331,-0.351248,684,25400,28610
13.861,298.190000,1.387574,1.723049,1.052099,1.913482,0.954669,1.885306,3.708458,1.933552,3.737101,1.974759,2.442558,1.269057,-0.519165,-1.500250,-0.644723,-0.335475,686,25518,28665
13.912,294.850000,1.473813,1.809692,1.137933,1.862931,1.052456,1.917625,3.643819,1.957169,3.653734,1.957430,2.354223,1.290210,-0.505826,-1.539940,-0.607729,-0.335880,689,25632,28725
13.964,291.860000,1.536934,1.875771,1.198096,1.906023,1.142785,1.946630,3.575866,1.969469,3.594192,1.942793,2.299711,1.276160,-0.478725,-1.573803,-0.587903,-0.338838,691,25744,28792
14.015,289.070000,1.639033,1.994228,1.283838,2.013755,1.200795,1.973977,3.501282,1.983297,3.498915,1.915760,2.224100,1.278508,-0.472307,-1.616348,-0.577894,-0.355195,694,25863,28864
14.067,286.150000,1.705872,2.071431,1.340314,2.051047,1.318471,1.998010,3.422555,1.989729,3.431655,1.894248,2.177533,1.249338,-0.445974,-1.653946,-0.571451,-0.365558,696,25985,28942
14.117,283.370000,1.797453,2.187149,1.407756,2.092482,1.410457,2.019556,3.338856,1.995924,3.325738,1.856420,2.112813,1.236849,-0.442223,-1.703078,-0.578147,-0.389697,699,26110,29024
14.168000000000001,280.720000,1.852395,2.265123,1.439668,2.114029,1.492499,2.037788,3.251842,1.998187,3.252240,1.827226,2.072701,1.197793,-0.426218,-1.747506,-0.594153,-0.412727,701,26238,29112
14.207,278.840000,1.900547,2.344348,1.456746,2.121487,1.523161,2.050218,3.179744,1.999403,3.176699,1.794625,2.034764,1.173161,-0.428513,-1.790425,-0.622699,-0.443801,703,26340,29185
14.258000000000001,276.630000,1.946138,2.433537,1.458740,2.146348,1.577027,2.061820,3.088587,1.999897,3.099280,1.758392,1.998968,1.131078,-0.427203,-1.842387,-0.667850,-0.487398,705,26469,29278
14.319,274.160000,1.995732,2.556435,1.435029,2.149663,1.534763,2.071765,2.976711,1.999999,2.980406,1.697015,1.948920,1.093980,-0.448320,-1.920432,-0.749202,-0.560703,708,26625,29393
14.372,271.640000,1.938972,2.554470,1.323475,2.149663,1.548022,2.077565,2.865665,1.999716,2.862836,1.627008,1.903290,1.062622,-0.477916,-2.008660,-0.846493,-0.615497,711,26780,29506
14.43,269.410000,1.893698,2.553498,1.233899,2.160436,1.503272,2.077565,2.774507,1.998904,2.786628,1.575681,1.875356,1.029738,-0.492599,-2.079895,-0.929116,-0.659800,713,26910,29598
14.47,267.560000,1.838953,2.530074,1.147831,2.162922,1.411286,2.075908,2.701581,1.997184,2.712530,1.520862,1.849419,1.016984,-0.518264,-2.148112,-1.002196,-0.691121,715,27014,29669
14.534,264.510000,1.746720,2.468008,1.025432,2.156292,1.380624,2.067621,2.594678,1.992182,2.605954,1.432686,1.814198,1.006127,-0.557352,-2.253726,-1.101170,-0.721288,718,27170,29772
14.58,261.860000,1.644429,2.367453,0.921405,2.110714,1.304383,2.056848,2.506006,1.983303,2.505611,1.338421,1.783217,1.019098,-0.608847,-2.353167,-1.172482,-0.723024,721,27302,29855
14.620000000000001,259.390000,1.572989,2.284921,0.861057,2.140547,1.245545,2.045246,2.439710,1.974759,2.442558,1.272714,1.764773,1.025839,-0.635053,-2.423517,-1.206929,-0.711932,723,27404,29915
14.679,255.470000,1.463835,2.143492,0.784177,2.146348,1.164332,2.023700,2.341923,1.957430,2.354223,1.170510,1.740045,1.044121,-0.674898,-2.527222,-1.238131,-0.679657,726,27559,30002
14.719000000000001,252.670000,1.395530,2.045732,0.745327,2.142204,1.112123,2.004639,2.278941,1.942793,2.299711,1.100376,1.725389,1.060241,-0.698325,-2.592282,-1.242448,-0.650203,728,27663,30057
14.778,248.130000,1.313470,1.915058,0.711882,2.063477,1.025938,1.972320,2.189441,1.915760,2.224100,0.992663,1.705739,1.092564,-0.728973,-2.682961,-1.221371,-0.601588,731,27817,30134
14.818,244.920000,1.259526,1.811918,0.707135,2.148005,0.973729,1.946630,2.130603,1.882400,2.155310,0.882552,1.688546,1.152248,-0.776373,-2.747850,-1.169522,-0.552391,734,27923,30183
14.876,239.760000,1.240065,1.754827,0.725303,2.131431,0.881743,1.903537,2.050218,1.842238,2.092473,0.770482,1.673459,1.194052,-0.789128,-2.820577,-1.106957,-0.514762,737,28076,30250
14.918000000000001,236.030000,1.246951,1.739629,0.754272,2.131431,0.832021,1.871218,1.999667,1.811355,2.053471,0.694873,1.664358,1.223200,-0.788221,-2.863913,-1.053617,-0.492678,739,28178,30291
14.983,230.290000,1.281431,1.743713,0.819150,2.027843,0.749150,1.819009,1.930056,1.758392,1.998968,0.580323,1.651957,1.269521,-0.775229,-2.920743,-0.962011,-0.462282,742,28332,30348
15.023,226.310000,1.320114,1.761360,0.878869,2.000496,0.706057,1.781717,1.889449,1.718434,1.965113,0.503309,1.644389,1.301684,-0.755124,-2.952198,-0.891327,-0.441245,744,28431,30383
15.082,220.640000,1.367349,1.780706,0.953992,1.935857,0.649705,1.723708,1.835583,1.674633,1.933216,0.425822,1.637268,1.312950,-0.694833,-2.989966,-0.806147,-0.413357,746,28573,30432
15.126,215.940000,1.419999,1.804558,1.035440,1.909338,0.727604,1.673157,1.795805,1.627008,1.903290,0.347928,1.630535,1.335495,-0.644019,-3.017523,-0.722178,-0.384559,748,28688,30471
15.17,212.460000,1.475105,1.837248,1.112962,1.885306,0.822905,1.626749,1.765143,1.575681,1.875356,0.269633,1.624121,1.364424,-0.609389,-3.038051,-0.654675,-0.362143,750,28783,30511
15.229000000000001,207.940000,1.557014,1.887195,1.226832,1.858787,0.963785,1.556309,1.724537,1.492225,1.837193,0.151530,1.614928,1.409049,-0.561372,-3.063725,-0.565495,-0.330181,753,28916,30574
15.269,205.480000,1.583186,1.900818,1.265554,1.896079,1.115438,1.504101,1.698847,1.462820,1.825455,0.111999,1.611948,1.394812,-0.520430,-3.079251,-0.535009,-0.317632,754,29006,30625
15.327,201.970000,1.654344,1.946650,1.362038,2.003811,1.244716,1.417087,1.661555,1.370437,1.793066,-0.007102,1.603141,1.425386,-0.478647,-3.100600,-0.471173,-0.292306,757,29149,30711
15.366,199.800000,1.696192,1.971223,1.421160,1.914310,1.344990,1.354934,1.638351,1.305836,1.773788,-0.086813,1.597305,1.442331,-0.449755,-3.113131,-0.432390,-0.275031,759,29245,30774
15.429,196.930000,1.735491,1.991701,1.479282,1.938343,1.458522,1.260462,1.606861,1.239091,1.756158,-0.166289,1.591455,1.426833,-0.400736,-3.130795,-0.393679,-0.256210,761,29386,30874
15.473,195.420000,1.769058,2.012716,1.525400,1.969005,1.486698,1.194165,1.587800,1.170510,1.740045,-0.245431,1.585533,1.439598,-0.380593,-3.140018,-0.367289,-0.243658,763,29480,30946
15.532,193.480000,1.812976,2.040632,1.585321,1.936685,1.564597,1.088919,1.561282,1.064769,1.718543,-0.363528,1.576365,1.452525,-0.353242,3.131208,-0.334854,-0.227656,766,29629,31059
15.573,191.710000,1.847466,2.052919,1.642013,2.086681,1.638351,1.000248,1.541393,0.956203,1.699744,-0.480796,1.566669,1.481260,-0.325340,3.124528,-0.296555,-0.205453,769,29752,31154
15.636000000000001,189.740000,1.867262,2.055876,1.678649,2.110714,1.674814,0.890030,1.521504,0.882552,1.688546,-0.558484,1.559784,1.449020,-0.282784,3.115172,-0.269362,-0.188613,771,29904,31274
15.68,188.410000,1.884874,2.056145,1.713602,2.121487,1.723708,0.814618,1.509073,0.808034,1.678273,-0.635720,1.552496,1.450988,-0.255076,3.111662,-0.242310,-0.171272,773,30006,31356
15.723,187.280000,1.900594,2.055660,1.745529,2.085853,1.809893,0.737548,1.499129,0.732755,1.668816,-0.712475,1.544703,1.450740,-0.228952,3.110173,-0.217568,-0.155066,775,30108,31442
15.787,185.620000,1.926314,2.052299,1.800329,2.074251,1.809065,0.599983,1.483383,0.580323,1.651957,-0.864256,1.527332,1.464899,-0.187131,3.111587,-0.174406,-0.125985,779,30288,31596
15.827,184.790000,1.937473,2.048023,1.826923,2.036130,1.833097,0.522913,1.476754,0.503309,1.644389,-0.939118,1.517559,1.462601,-0.162748,3.113690,-0.152158,-0.110550,781,30387,31684
15.885,183.830000,1.952372,2.042106,1.862638,2.084195,1.855472,0.406066,1.468467,0.386924,1.633858,-1.049844,1.501254,1.456278,-0.129964,3.119076,-0.122564,-0.089734,784,30535,31817
15.928,183.330000,1.961615,2.038514,1.884717,2.075079,1.897736,0.326510,1.463494,0.308830,1.627298,-1.122442,1.489144,1.449179,-0.109771,3.123892,-0.104538,-0.076899,786,30637,31909
15.972,182.760000,1.970346,2.031458,1.909233,2.062649,1.924255,0.247783,1.459351,0.230350,1.621007,-1.193854,1.475911,1.441732,-0.085959,3.130106,-0.082709,-0.061112,788,30736,32000
16.032,182.110000,1.982178,2.019993,1.944364,1.987237,1.959061,0.128449,1.454379,0.111999,1.611948,-1.298346,1.453628,1.426796,-0.051781,-3.141066,-0.050872,-0.037814,791,30882,32141
16.073,182.070000,1.990567,2.018442,1.962692,2.024528,1.965690,0.029833,1.451064,0.032678,1.606063,-1.365866,1.437016,1.395770,-0.036375,-3.131528,-0.037342,-0.027875,793,31002,32260
16.136,182.040000,1.998113,2.007622,1.988604,2.046075,2.014584,-0.090329,1.446092,-0.086813,1.597305,-1.463280,1.409164,1.373448,-0.011969,-3.114703,-0.012690,-0.009509,796,31151,32404
16.179000000000002,181.920000,1.990188,1.982238,1.998139,2.025357,2.036959,-0.172371,1.443606,-0.166289,1.591455,-1.525223,1.388484,1.353975,0.009765,-3.100871,0.010653,0.007950,798,31251,32501
16.22,181.870000,1.982178,1.955759,2.008598,1.972320,2.048561,-0.252755,1.441119,-0.245431,1.585533,-1.584415,1.366011,1.333777,0.031614,-3.085250,0.035542,0.026419,800,31347,32600
16.278,182.200000,1.965413,1.906168,2.024659,1.935028,2.027014,-0.372918,1.436976,-0.402709,1.573205,-1.693196,1.315551,1.325850,0.070652,-3.049882,0.080384,0.059245,804,31488,32748
16.318,182.610000,1.956848,1.880991,2.032705,1.920940,2.016241,-0.451645,1.433661,-0.480796,1.566669,-1.742376,1.287520,1.298978,0.087213,-3.028849,0.103373,0.075857,806,31581,32846
16.376,183.120000,1.941977,1.833281,2.050674,1.886963,2.044417,-0.569321,1.427031,-0.597158,1.556197,-1.809266,1.241975,1.253678,0.117295,-2.993440,0.149258,0.108696,809,31719,32993
16.439,183.990000,1.925754,1.781212,2.070296,1.825639,2.086681,-0.686997,1.419573,-0.712475,1.544703,-1.867995,1.192084,1.202708,0.144761,-2.951299,0.200153,0.144542,812,31853,33142
16.483,184.800000,1.913473,1.743268,2.083678,1.804921,2.103255,-0.764895,1.413772,-0.788678,1.536354,-1.902862,1.156192,1.166754,0.161454,-2.918993,0.237203,0.170205,814,31941,33244
16.523,185.980000,1.899236,1.698467,2.100005,1.764315,2.106570,-0.862683,1.404656,-0.864256,1.527332,-1.934462,1.117942,1.109467,0.173495,-2.880201,0.281895,0.200769,816,32049,33373
16.584,187.650000,1.874708,1.623358,2.126057,1.678129,2.110714,-0.976215,1.390568,-0.976248,1.512347,-1.976106,1.055710,1.054472,0.198771,-2.818437,0.357530,0.251349,819,32173,33524
16.624,188.840000,1.845547,1.535437,2.155658,1.644981,2.116515,-1.051628,1.379795,-1.086278,1.495347,-2.011138,0.986805,1.036871,0.240868,-2.752861,0.448085,0.310111,822,32254,33627
16.682,190.580000,1.821911,1.460551,2.183270,1.599402,2.117343,-1.143614,1.363221,-1.158299,1.482665,-2.030810,0.936842,0.984335,0.256234,-2.693592,0.528909,0.361359,824,32352,33754
16.725,192.700000,1.781134,1.347763,2.214506,1.508245,2.133089,-1.233943,1.344161,-1.263913,1.461390,-2.055124,0.855407,0.955625,0.296263,-2.604722,0.648832,0.433372,827,32446,33883
16.769000000000002,194.480000,1.747609,1.256614,2.238604,1.479240,2.143862,-1.306040,1.326758,-1.332341,1.445508,-2.067928,0.796736,0.928114,0.322682,-2.533779,0.749207,0.490995,829,32520,33988
16.829,197.520000,1.689206,1.138492,2.239921,1.369851,2.154635,-1.407142,1.296925,-1.431371,1.418858,-2.077736,0.737671,0.873190,0.331436,-2.446480,0.869386,0.550715,832,32622,34141
16.869,199.800000,1.620830,1.015069,2.226591,1.268749,2.154635,-1.475096,1.273721,-1.525223,1.388484,-2.088506,0.642722,0.880018,0.385910,-2.342061,0.996627,0.605761,835,32688,34248
16.93,203.760000,1.543656,0.900278,2.187035,1.177591,2.166237,-1.567911,1.236429,-1.612888,1.354081,-2.094739,0.549352,0.865807,0.416579,-2.224942,1.111437,0.643379,838,32777,34402
16.974,207.600000,1.456630,0.814255,2.099005,1.001077,2.162093,-1.641666,1.199966,-1.693196,1.315551,-2.097863,0.464047,0.865848,0.440820,-2.125721,1.176002,0.642375,841,32845,34532
17.034,212.830000,1.348856,0.743473,1.954239,0.810474,2.172867,-1.721222,1.153558,-1.787882,1.257574,-2.099493,0.366991,0.872799,0.455861,-2.019058,1.196833,0.605383,845,32909,34689
17.076,216.870000,1.284253,0.719797,1.848710,0.699428,2.143862,-1.768458,1.120410,-1.849294,1.209221,-2.099867,0.308447,0.876993,0.450724,-1.958315,1.172057,0.564457,848,32945,34793
17.134,223.500000,1.241825,0.727810,1.755839,0.570978,2.160436,-1.831440,1.065716,-1.919088,1.137396,-2.099987,0.251039,0.857797,0.406090,-1.889216,1.103783,0.514014,852,32990,34949
17.173000000000002,228.270000,1.247679,0.762431,1.732928,0.527057,2.164580,-1.868732,1.025938,-1.962975,1.077153,-2.099999,0.224177,0.834449,0.361077,-1.851622,1.037123,0.485249,855,33017,35054
17.235,235.750000,1.288694,0.850323,1.727065,0.451645,2.076737,-1.916797,0.963785,-2.000177,1.010547,-2.100000,0.211076,0.774683,0.272194,-1.809546,0.907112,0.438371,858,33052,35208
17.279,240.640000,1.329589,0.930805,1.728373,0.543631,2.025357,-1.943315,0.919863,-2.021308,0.962240,-2.100000,0.208084,0.728822,0.212423,-1.787472,0.799813,0.398784,860,33075,35309
17.32,245.010000,1.385317,1.026087,1.744547,0.648877,1.954088,-1.965690,0.874285,-2.039609,0.910575,-2.100000,0.207605,0.680074,0.159910,-1.769596,0.691500,0.359230,862,33104,35404
17.378,250.580000,1.483993,1.181208,1.786777,0.788928,1.903537,-1.995524,0.800530,-2.061858,0.826505,-2.100000,0.207605,0.602059,0.098610,-1.745211,0.544089,0.302784,865,33156,35544
17.42,253.910000,1.555023,1.365213,1.744832,0.846109,1.874533,-2.011269,0.748321,-2.073352,0.766115,-2.100049,-0.542395,1.293766,0.272416,-1.639472,0.325499,0.189810,867,33196,35635
17.485,258.950000,1.589925,1.453542,1.726309,1.069859,1.837241,-2.033644,0.653020,-2.088506,0.642722,-2.100049,-0.542395,1.197258,0.163946,-1.626289,0.228746,0.136384,872,33276,35791
17.526,261.170000,1.564938,1.457418,1.672458,1.174276,1.808236,-2.043589,0.595011,-2.091042,0.611025,-2.100049,-0.542395,1.138807,0.118804,-1.620396,0.183215,0.107520,873,33330,35879
17.588,263.810000,1.424251,1.357824,1.490678,1.379795,1.769287,-2.055190,0.504682,-2.096047,0.519867,-2.100049,-0.542395,1.048038,0.068305,-1.613612,0.124373,0.066427,876,33422,36008
17.627,264.940000,1.246476,1.200305,1.292647,1.499129,1.767629,-2.060991,0.440043,-2.098463,0.437887,-2.100049,-0.542395,0.983214,0.047744,-1.610532,0.098777,0.046171,879,33492,36094
17.667,265.780000,1.046652,1.014661,1.078642,1.469295,1.744426,-2.066792,0.372918,-2.099493,0.366991,-2.100049,-0.542395,0.915917,0.034188,-1.607114,0.081505,0.031990,882,33568,36181
17.725,266.910000,0.680031,0.667296,0.692765,1.419573,1.643324,-2.072593,0.279274,-2.099953,0.276712,-2.100049,-0.542395,0.822128,0.016875,-1.604199,0.049935,0.012734,887,33672,36302
